Designator,Val,Package,Mid X,Mid Y,Rotation,Layer
C1,22u,C7225-CAP-SMD_L7.3-W4.3-RD,182.15,-104.549039,0.0,top
C10,10n,C_0402_1005Metric,90.499999,-63.0,-90.0,top
C11,100n,C_0603_1608Metric,97.883233,-65.233176,0.0,top
C12,100n,C_0603_1608Metric,111.5,-140.6,-90.0,top
C13,100n,C_0603_1608Metric,97.285657,-90.269039,180.0,top
C14,100n,C_0603_1608Metric,97.3,-88.5,180.0,top
C15,100n,C_0603_1608Metric,92.0,-82.0,90.0,top
C16,100n,C_0603_1608Metric,89.0,-82.0,90.0,top
C17,100n,C_0603_1608Metric,129.5125,-89.999999,180.0,top
C18,100n,C_0603_1608Metric,129.54,-92.2,180.0,top
C19,100n,C_0603_1608Metric,118.227535,-83.172609,90.0,top
C2,22u,C7225-CAP-SMD_L7.3-W4.3-RD,184.2,-56.800962,180.0,top
C20,100n,C_0603_1608Metric,121.237535,-83.172609,90.0,top
C21,100n,C_0603_1608Metric,123.649568,-70.182071,90.0,top
C22,100n,C_0603_1608Metric,121.193296,-88.27263,-90.0,top
C23,100n,C_0603_1608Metric,111.5,-92.8,-90.0,top
C24,1u,C_0603_1608Metric,164.5,-114.0,0.0,top
C25,22u,C7225-CAP-SMD_L7.3-W4.3-RD,158.749949,-118.0,-90.0,top
C26,100n,C_0603_1608Metric,140.5,-120.5,0.0,top
C27,100n,C_0603_1608Metric,151.5,-115.25,-90.0,top
C28,100n,C_0603_1608Metric,118.247144,-131.198246,90.0,top
C29,100n,C_0603_1608Metric,129.6,-136.375,90.0,top
C3,100n,C_0603_1608Metric,182.85,-111.5,180.0,top
C30,100n,C_0603_1608Metric,121.257144,-131.198246,90.0,top
C31,100n,C_0603_1608Metric,132.6,-136.375,90.0,top
C32,10n,C_0402_1005Metric,68.019609,-106.025638,0.0,top
C33,100n,C_0603_1608Metric,121.212905,-136.298267,-90.0,top
C34,10n,C_0402_1005Metric,90.519608,-111.025637,-90.0,top
C35,100n,C_0603_1608Metric,97.902842,-113.258813,0.0,top
C36,100n,C_0603_1608Metric,123.669177,-118.207708,90.0,top
C37,100n,C_0603_1608Metric,92.019609,-130.025637,90.0,top
C38,100n,C_0603_1608Metric,97.699343,-136.070961,180.0,top
C39,100n,C_0603_1608Metric,96.5,-138.0,180.0,top
C4,100n,C_0603_1608Metric,168.3,-64.3,180.0,top
C40,100n,C_0603_1608Metric,89.019609,-130.025637,90.0,top
C41,47n,C_0603_1608Metric,106.9,-140.6,-90.0,top
C42,47n,C_0603_1608Metric,106.5,-92.8,-90.0,top
C43,22n,C_0603_1608Metric,100.0,-140.6,-90.0,top
C44,22n,C_0603_1608Metric,100.1,-92.8,-90.0,top
C5,22u,C7225-CAP-SMD_L7.3-W4.3-RD,170.7,-104.449039,0.0,top
C6,22u,C7225-CAP-SMD_L7.3-W4.3-RD,157.950962,-63.9,-90.0,top
C7,100n,C_0603_1608Metric,177.675,-111.5,0.0,top
C8,100n,C_0603_1608Metric,158.0,-71.85,0.0,top
C9,10n,C_0402_1005Metric,68.0,-58.000001,0.0,top
J1,PD_IN,C914558-SMA-TH_SMA-KE-P903,52.75,-58.0,90.0,top
J10,Rf,C492420-HDR-TH_6P-P2.54-V-M-R2-C3-S2.54,122.329997,-124.459995,-90.0,top
J11,Rf,C492420-HDR-TH_6P-P2.54-V-M-R2-C3-S2.54,128.8,-124.45,90.0,top
J12,Rg,C492420-HDR-TH_6P-P2.54-V-M-R2-C3-S2.54,105.25,-128.95,180.0,top
J13,Rf,C492420-HDR-TH_6P-P2.54-V-M-R2-C3-S2.54,105.25,-135.2,180.0,top
J14,PD_IN,C914558-SMA-TH_SMA-KE-P903,52.75,-106.0,90.0,top
J15,LO_IN,C914558-SMA-TH_SMA-KE-P903,52.75,-118.0,90.0,top
J16,Err_OUT,C914558-SMA-TH_SMA-KE-P903,52.75,-130.0,90.0,top
J17,LF_OUT,C914558-SMA-TH_SMA-KE-P903,52.75,-142.0,90.0,top
J18,PWR,C54907646-HDR-TH_3P-P2.54-H-M-W10.04_890-XX,184.3,-65.05,0.0,top
J2,Err_OUT,C914558-SMA-TH_SMA-KE-P903,52.75,-82.0,90.0,top
J3,LF_OUT,C914558-SMA-TH_SMA-KE-P903,52.75,-94.0,90.0,top
J4,LO_IN,C914558-SMA-TH_SMA-KE-P903,52.75,-70.0,90.0,top
J5,Rg,C492420-HDR-TH_6P-P2.54-V-M-R2-C3-S2.54,105.45,-80.95,180.0,top
J6,Rf,C492420-HDR-TH_6P-P2.54-V-M-R2-C3-S2.54,105.45,-87.270003,180.0,top
J7,Rf,C492420-HDR-TH_6P-P2.54-V-M-R2-C3-S2.54,128.7,-76.35,90.0,top
J8,Rf,C492420-HDR-TH_6P-P2.54-V-M-R2-C3-S2.54,122.2,-76.35,-90.0,top
J9,C5173368-9001-14641C00A,C5173368-CONN-TH_WINGTAT_9001-14641C00A,200.720002,-100.0,90.0,top
L1,2.2uH,L_0603_1608Metric,64.026919,-56.715354,90.0,top
L2,100nH,L_0603_1608Metric,93.85,-62.0,180.0,top
L3,1uH,L_0603_1608Metric,97.85,-62.0,180.0,top
L4,2.2uH,L_0603_1608Metric,64.046528,-104.740991,90.0,top
L5,1uH,L_0603_1608Metric,97.869609,-110.025637,180.0,top
L6,100nH,L_0603_1608Metric,93.869609,-110.025637,180.0,top
LD1,C965863-XL-1606UGC,C965863-LED-SMD_L1.7-W1.1-R-RD_ORANGE,50.947559,-63.948032,90.0,top
R1,180/0.5W,R_1206_3216Metric,107.756886,-63.570079,90.0,top
R10,50,R_0603_1608Metric,96.745,-77.691162,180.0,top
R11,1k,R_0603_1608Metric,133.765,-78.989999,0.0,top
R12,5k,R_0603_1608Metric,133.765,-76.489999,0.0,top
R13,10k,R_0603_1608Metric,133.765,-73.989999,0.0,top
R14,1k,R_0603_1608Metric,125.849221,-70.160785,-90.0,top
R15,1k,R_0603_1608Metric,117.324973,-73.975182,180.0,top
R16,5k,R_0603_1608Metric,117.324973,-76.475182,180.0,top
R17,10k,R_0603_1608Metric,117.324973,-78.975182,180.0,top
R18,1k,R_0603_1608Metric,131.04,-84.999999,90.0,top
R19,10k,R_0603_1608Metric,116.54,-89.499999,0.0,top
R2,180/0.5W,R_1206_3216Metric,102.447557,-63.570079,90.0,top
R20,50,R_0603_1608Metric,135.4,-88.5,-90.0,top
R21,10k,R_0603_1608Metric,153.0,-119.5,180.0,top
R22,10k,R_0603_1608Metric,146.5,-122.75,180.0,top
R23,50,R_0603_1608Metric,128.814478,-69.542379,180.0,top
R24,50,R_0603_1608Metric,128.719169,-117.337396,180.0,top
R25,180/0.5W,R_1206_3216Metric,107.776495,-111.595716,90.0,top
R26,10k,R_0603_1608Metric,116.559609,-137.525636,0.0,top
R27,180/0.5W,R_1206_3216Metric,102.467166,-111.595716,90.0,top
R28,1k,R_0603_1608Metric,125.736633,-118.203165,-90.0,top
R29,1k,R_0603_1608Metric,130.5,-133.0,90.0,top
R3,20,R_0603_1608Metric,107.015,-75.734999,-90.0,top
R30,1k,R_0603_1608Metric,117.344582,-122.000819,180.0,top
R31,5k,R_0603_1608Metric,117.344582,-124.500819,180.0,top
R32,10k,R_0603_1608Metric,117.344582,-127.000819,180.0,top
R33,500,R_0603_1608Metric,102.034609,-123.760636,-90.0,top
R34,50,R_0603_1608Metric,104.534609,-123.760636,-90.0,top
R35,20,R_0603_1608Metric,107.034609,-123.760636,-90.0,top
R36,50,R_0603_1608Metric,96.764609,-125.716799,180.0,top
R37,1k,R_0603_1608Metric,133.784609,-127.015636,0.0,top
R38,5k,R_0603_1608Metric,133.784609,-124.515636,0.0,top
R39,10k,R_0603_1608Metric,133.784609,-122.015636,0.0,top
R4,50,R_0603_1608Metric,104.515,-75.734999,-90.0,top
R40,50,R_0603_1608Metric,137.0,-136.5,-90.0,top
R41,2k,R_0603_1608Metric,102.0,-140.6,-90.0,top
R42,1k,R_0603_1608Metric,105.0,-140.6,-90.0,top
R43,500,R_0603_1608Metric,109.6,-140.6,-90.0,top
R44,50,R_0603_1608Metric,64.519609,-130.025637,180.0,top
R45,22k,C31850-R0603,61.8,-64.45,180.0,top
R5,500,R_0603_1608Metric,102.015,-75.734999,-90.0,top
R6,2k,R_0603_1608Metric,101.9,-92.8,-90.0,top
R7,1k,R_0603_1608Metric,104.6,-92.8,-90.0,top
R8,500,R_0603_1608Metric,109.5,-92.8,-90.0,top
R9,50,R_0603_1608Metric,64.5,-82.0,180.0,top
RV1,20k,C720648-RES-ADJ-SMD_TC33X-2-104E,83.35,-90.275,0.0,top
RV2,20k,C720648-RES-ADJ-SMD_TC33X-2-104E,83.35,-139.025,0.0,top
U1,LM2940CT-12_NOPB,C9414-TO-220-3_L10.0-W4.5-P2.54-T,180.595403,-124.5,-90.0,top
U10,OPA892,C22396184-SOIC-8_L4.9-W3.9-P1.27-LS6.0-BL,97.15,-130.85,180.0,top
U2,LM2990SX-12_NOPB,C181451-TO-263-3L_L10.0-W9.2-P2.54-TL,167.25,-80.275006,-90.0,top
U3,GALI-74+,C879860-SOT-89-3_L4.5-W2.5-P1.50-LS4.2-BR,84.999999,-58.455461,-90.0,top
U4,OPA892,C22396184-SOIC-8_L4.9-W3.9-P1.27-LS6.0-BL,96.6,-83.25,180.0,top
U5,OPA2227UA/2K5,C19308-SOIC-8_L4.9-W3.9-P1.27-LS6.0-BL,125.54,-84.999999,180.0,top
U6,REF5050AIDGKR,C194571-VSSOP-8_L3.0-W3.0-P0.65-LS4.9-BL,166.474905,-118.490539,90.0,top
U7,OPA227UA/2K5,C456278-SOIC-8_L4.9-W3.9-P1.27-LS6.0-BL,146.5,-118.5,90.0,top
U8,OPA2227UA/2K5,C19308-SOIC-8_L4.9-W3.9-P1.27-LS6.0-BL,125.559609,-133.025636,180.0,top
U9,GALI-74+,C879860-SOT-89-3_L4.5-W2.5-P1.50-LS4.2-BR,85.019608,-106.481098,-90.0,top
X1,ADE-1+,C2942210-XFMR-SMD_6P-L7.9-W5.6-P2.54-LS7.0-BL,74.5,-69.3,90.0,top
X2,ADE-1+,C2942210-XFMR-SMD_6P-L7.9-W5.6-P2.54-LS7.0-BL,74.5,-117.45,90.0,top
